specialty,is_medicaid,total_rx
01FM,Non-Medicaid,747291110.02
01IM,Non-Medicaid,584736159.748
04DGP,Non-Medicaid,303509441.069
01ORS,Non-Medicaid,281230577.28
02FM,Non-Medicaid,212629068.329
01EM,Non-Medicaid,210732503.98
07PHA,Non-Medicaid,178629593.004
06NRP,Non-Medicaid,168011649.416
01GS,Non-Medicaid,98084072.699
01PM,Non-Medicaid,97890007.488
01OBG,Non-Medicaid,95002831.36
01AN,Non-Medicaid,83814559.552
04OMF,Non-Medicaid,71579649.16
03US,Non-Medicaid,69831499.633
01RHU,Non-Medicaid,69170492.853
01PMD,Non-Medicaid,67844587.937
01GP,Non-Medicaid,67329232.855
01US,Non-Medicaid,65841777.842
01N,Non-Medicaid,63064630.385
01APM,Non-Medicaid,56926165.35
01NS,Non-Medicaid,46178367.831
01U,Non-Medicaid,39715969.154
02IM,Non-Medicaid,38645261.421000004
01OTO,Non-Medicaid,36592939.168
02EM,Non-Medicaid,36109417.33
08POD,Non-Medicaid,35388845.634
01PS,Non-Medicaid,30444637.862999998
01HO,Non-Medicaid,29578495.921
01FM,Medicaid,27282398.562
01CD,Non-Medicaid,23214171.793
01ON,Non-Medicaid,20994176.089
02ORS,Non-Medicaid,20598361.548
01GE,Non-Medicaid,18146250.329
01P,Non-Medicaid,16823658.351
02PM,Non-Medicaid,16229516.476
01IM,Medicaid,16196209.866
01PD,Non-Medicaid,16165090.253
01OMF,Non-Medicaid,16048555.274
01OSM,Non-Medicaid,16018652.897
01NEP,Non-Medicaid,15290776.345
01OSS,Non-Medicaid,14533795.818
01HS,Non-Medicaid,13989627.199
06NRP,Medicaid,13044448.664
01PUD,Non-Medicaid,13030971.145
07PHA,Medicaid,12434974.017
01IMG,Non-Medicaid,11870691.227
01MPD,Non-Medicaid,11580269.934
01HOS,Non-Medicaid,11424543.899
01EM,Medicaid,11138179.967
04DGP,Medicaid,10729177.613
01OPH,Non-Medicaid,10200076.088
02AN,Non-Medicaid,9686328.801
01GYN,Non-Medicaid,9071309.601
01TS,Non-Medicaid,8235372.591
01PMR,Non-Medicaid,7806745.467
01VS,Non-Medicaid,7678127.226
01ID,Non-Medicaid,7644585.568
01END,Non-Medicaid,7602155.15
02FM,Medicaid,7546428.3549999995
02OBG,Non-Medicaid,7216783.514
01OM,Non-Medicaid,6963957.492000001
01OBG,Medicaid,6946036.257
01D,Non-Medicaid,6791316.5
02APM,Non-Medicaid,6735514.761
02GP,Non-Medicaid,6517015.889
01CRS,Non-Medicaid,6475656.608
01RO,Non-Medicaid,6358825.674
05VET,Non-Medicaid,6000266.222
02GS,Non-Medicaid,5148401.472
01ORS,Medicaid,4714950.298
02PMD,Non-Medicaid,4601793.838
03US,Medicaid,4438779.898
01HEM,Non-Medicaid,4384998.478
01FPG,Non-Medicaid,4219858.7979999995
01FSM,Non-Medicaid,3593474.016
02RHU,Non-Medicaid,3497350.215
02N,Non-Medicaid,3189944.44
01HSO,Non-Medicaid,3119127.59
01PM,Medicaid,3030888.447
01OAR,Non-Medicaid,2908177.593
01GS,Medicaid,2811447.957
01AN,Medicaid,2730469.264
01PCC,Non-Medicaid,2674604.804
02PMR,Non-Medicaid,2617757.829
01GPM,Non-Medicaid,2543723.548
04OMF,Medicaid,2406885.2
01GO,Non-Medicaid,2305568.649
02EM,Medicaid,2230412.461
01DR,Non-Medicaid,2153926.899
01US,Medicaid,2033439.312
01GP,Medicaid,2005460.235
01FPS,Non-Medicaid,1853883.012
01N,Medicaid,1819925.229
01PMD,Medicaid,1815491.959
02OTO,Non-Medicaid,1714085.054
01AI,Non-Medicaid,1657835.091
01OTO,Medicaid,1593131.415
02HOS,Non-Medicaid,1507683.964
01APM,Medicaid,1444689.293
02FPG,Non-Medicaid,1428176.965
01PTH,Non-Medicaid,1426874.895
01SO,Non-Medicaid,1425362.356
01ADM,Non-Medicaid,1417587.982
01REN,Non-Medicaid,1365712.64
02U,Non-Medicaid,1360324.627
02HO,Non-Medicaid,1352619.298
01OTR,Non-Medicaid,1338954.503
01HPM,Non-Medicaid,1304530.346
01OFA,Non-Medicaid,1292105.665
01HO,Medicaid,1284502.482
01CCS,Non-Medicaid,1233140.962
01RHU,Medicaid,1228824.665
01CCM,Non-Medicaid,1203183.933
01CN,Non-Medicaid,1175533.48
01PD,Medicaid,1154906.438
01PLM,Non-Medicaid,1146364.797
02IM,Medicaid,1139094.426
02NS,Non-Medicaid,1089204.387
02FSM,Non-Medicaid,1056836.159
02OM,Non-Medicaid,1052172.017
08POD,Medicaid,1039427.697
01IFP,Non-Medicaid,1030014.127
01OP,Non-Medicaid,1023090.586
01CHP,Non-Medicaid,977976.034
02CD,Non-Medicaid,941139.488
01PDS,Non-Medicaid,895421.012
01CTS,Non-Medicaid,880935.804
01R,Non-Medicaid,879360.415
09OPT,Non-Medicaid,864194.904
01SME,Non-Medicaid,854929.609
01NS,Medicaid,846479.375
02PS,Non-Medicaid,827748.072
02GE,Non-Medicaid,775512.008
02P,Non-Medicaid,771575.3300000001
01PHO,Non-Medicaid,755601.97
01PEM,Non-Medicaid,750238.407
02OBG,Medicaid,747245.408
01IC,Non-Medicaid,743970.098
01U,Medicaid,742393.123
02NEP,Non-Medicaid,686999.351
01TRS,Non-Medicaid,683744.15
02PD,Non-Medicaid,680095.723
01HNS,Non-Medicaid,678988.649
01PMN,Non-Medicaid,674998.717
01ICE,Non-Medicaid,665818.985
01MPD,Medicaid,644336.916
01OMF,Medicaid,640638.906
02PUD,Non-Medicaid,616433.419
01UP,Non-Medicaid,604297.986
01PDO,Non-Medicaid,585352.7660000001
02IMG,Non-Medicaid,568833.799
01SCI,Non-Medicaid,556532.135
01ON,Medicaid,551767.54
02ORS,Medicaid,546608.566
01ISM,Non-Medicaid,545006.679
01PPN,Non-Medicaid,521610.109
01CHN,Non-Medicaid,519455.174
01A,Non-Medicaid,511670.33400000003
01CCA,Non-Medicaid,509524.233
02D,Non-Medicaid,508014.289
02PM,Medicaid,505893.565
01DS,Non-Medicaid,504554.821
01VIR,Non-Medicaid,492184.90499999997
01MFM,Non-Medicaid,485143.556
02OSS,Non-Medicaid,473219.058
01PHL,Non-Medicaid,464916.56200000003
01ID,Medicaid,461995.895
02MPD,Non-Medicaid,443405.888
01DIA,Non-Medicaid,442737.036
01P,Medicaid,442370.848
01NEP,Medicaid,441668.849
01CD,Medicaid,436163.857
01PS,Medicaid,436114.891
01HSP,Non-Medicaid,429852.479
02ON,Non-Medicaid,425146.934
01HOS,Medicaid,416603.406
02US,Non-Medicaid,414787.743
01AM,Non-Medicaid,410160.511
01NO,Non-Medicaid,410050.019
01OBS,Non-Medicaid,402295.911
01HPI,Non-Medicaid,402195.669
02VS,Non-Medicaid,393907.092
01IMG,Medicaid,384558.035
02OMM,Non-Medicaid,376418.259
01GE,Medicaid,374518.046
01HPF,Non-Medicaid,369199.556
02ID,Non-Medicaid,363475.665
01OSM,Medicaid,362548.817
01AS,Non-Medicaid,354340.239
02HSO,Non-Medicaid,351150.223
01PHP,Non-Medicaid,350489.424
02AN,Medicaid,345558.634
01NM,Non-Medicaid,335854.532
02OSM,Non-Medicaid,330845.136
01MEM,Non-Medicaid,313764.37
01EMS,Non-Medicaid,313492.24
01HSS,Non-Medicaid,310406.1
01TY,Non-Medicaid,309056.503
01HEP,Non-Medicaid,284824.177
01MDM,Non-Medicaid,282020.056
01HS,Medicaid,263286.25299999997
01TTS,Non-Medicaid,255958.705
02OPH,Non-Medicaid,254189.135
01PMR,Medicaid,253124.434
01PRS,Non-Medicaid,246582.83
01NPM,Non-Medicaid,245156.797
01OMO,Non-Medicaid,240652.571
01PUD,Medicaid,235151.922
01ESM,Non-Medicaid,232299.41999999998
01PE,Non-Medicaid,219896.55299999999
01GYN,Medicaid,217883.101
02GS,Medicaid,216065.935
01CCP,Non-Medicaid,215140.026
01PRD,Non-Medicaid,210605.33299999998
01RO,Medicaid,208803.172
01ETX,Non-Medicaid,197327.37
02ADM,Non-Medicaid,193237.732
01UM,Non-Medicaid,189822.742
02TS,Non-Medicaid,186924.229
01PDC,Non-Medicaid,186336.242
02GPM,Non-Medicaid,179923.679
02GYN,Non-Medicaid,177030.351
01ADL,Non-Medicaid,173967.894
02APM,Medicaid,172333.482
01OPH,Medicaid,172228.729
02PMN,Non-Medicaid,172105.22400000002
01RNR,Non-Medicaid,171219.835
01VS,Medicaid,171137.148
01EMP,Non-Medicaid,167369.88
01OSS,Medicaid,166342.763
02END,Non-Medicaid,166225.922
01PHO,Medicaid,160958.75
02GP,Medicaid,160537.13999999998
01HEM,Medicaid,154941.229
18ND,Non-Medicaid,153060.602
01TS,Medicaid,152183.18
17PHR,Non-Medicaid,147031.753
01FSM,Medicaid,146394.251
01END,Medicaid,145823.615
02AM,Non-Medicaid,145516.609
02ESM,Non-Medicaid,144798.546
01PYG,Non-Medicaid,143704.914
01OS,Non-Medicaid,139169.589
01FPP,Non-Medicaid,135944.264
01HPE,Non-Medicaid,135173.884
01ADP,Non-Medicaid,134339.359
01FPG,Medicaid,133120.115
02PMD,Medicaid,132452.53
01NMN,Non-Medicaid,129392.73
02DR,Non-Medicaid,121716.291
01NTR,Non-Medicaid,120124.391
02HEM,Non-Medicaid,119564.147
01CRS,Medicaid,116789.856
01LM,Non-Medicaid,116455.945
01PA,Non-Medicaid,113479.036
01PDS,Medicaid,113030.701
01PG,Non-Medicaid,111016.58
01PYN,Non-Medicaid,108632.274
01HMP,Non-Medicaid,107714.771
02RO,Non-Medicaid,103591.428
01GPM,Medicaid,101773.793
01VM,Non-Medicaid,99220.241
01UME,Non-Medicaid,98258.442
01HSO,Medicaid,96543.769
01OM,Medicaid,95447.705
01PAN,Non-Medicaid,94437.143
02OTO,Medicaid,93217.36899999999
01CDS,Non-Medicaid,92482.02500000001
01OCC,Non-Medicaid,90201.008
01PO,Non-Medicaid,89393.499
02GO,Non-Medicaid,89312.907
01PCC,Medicaid,89076.646
01PEM,Medicaid,86088.907
01IG,Non-Medicaid,85686.44200000001
02AI,Non-Medicaid,82955.71399999999
01UP,Medicaid,82846.999
01OP,Medicaid,81199.755
02CCM,Non-Medicaid,80837.87
01IPM,Non-Medicaid,80282.836
02HS,Non-Medicaid,79715.79
01MG,Non-Medicaid,79687.559
01CFS,Non-Medicaid,78618.324
02PCC,Non-Medicaid,77960.372
01DMP,Non-Medicaid,77520.785
01AMI,Non-Medicaid,77402.032
02CRS,Non-Medicaid,76959.458
01PDP,Non-Medicaid,76546.459
01PFP,Non-Medicaid,74612.893
01PDE,Non-Medicaid,74527.566
01MP,Non-Medicaid,74349.975
01PSM,Non-Medicaid,73800.602
01VN,Non-Medicaid,73238.793
02N,Medicaid,72674.316
99PSY,Non-Medicaid,71598.95999999999
02R,Non-Medicaid,69344.178
01GO,Medicaid,68069.553
02PHP,Non-Medicaid,66195.435
01ATP,Non-Medicaid,65529.716
01D,Medicaid,65351.674
01CHS,Non-Medicaid,64513.615
01BBK,Non-Medicaid,63315.599
01PPR,Non-Medicaid,62382.512
01DR,Medicaid,61624.589
01PSO,Non-Medicaid,60827.784
02RHU,Medicaid,60669.403999999995
01PDO,Medicaid,59646.638
01FPR,Non-Medicaid,59358.312
01CCS,Medicaid,58832.327
01CCA,Medicaid,58583.49
02HOS,Medicaid,56846.389
01PHM,Non-Medicaid,56655.329
01FOP,Non-Medicaid,56405.978
02HPF,Non-Medicaid,55818.359
01CN,Medicaid,55484.728
02HO,Medicaid,54162.432
02NS,Medicaid,54153.252
01PN,Non-Medicaid,54114.0
02NMP,Non-Medicaid,53976.499
01PYA,Non-Medicaid,52955.306
01OAR,Medicaid,52725.685
01PDA,Non-Medicaid,52514.589
01HPA,Non-Medicaid,52267.843
02PD,Medicaid,52006.044
02PEM,Non-Medicaid,49908.131
01HPM,Medicaid,48809.2
02OAR,Non-Medicaid,46233.95
02FPS,Non-Medicaid,44836.064
01AI,Medicaid,44525.442
01IFP,Medicaid,43965.731
02CHP,Non-Medicaid,43177.881
01NSP,Non-Medicaid,41862.724
02PLM,Non-Medicaid,41415.459
01ADM,Medicaid,41249.154
01CLP,Non-Medicaid,41033.538
01OTR,Medicaid,40641.119
01PDI,Non-Medicaid,40354.81
02ISM,Non-Medicaid,39382.479
02PMR,Medicaid,39186.359000000004
01PTH,Medicaid,39051.943
01MFM,Medicaid,38824.394
01CCM,Medicaid,38737.598
02OTR,Non-Medicaid,38630.133
01PTX,Non-Medicaid,38065.058
01PMN,Medicaid,37448.437
02TRS,Non-Medicaid,37405.96
01UPR,Non-Medicaid,37297.261
02PSO,Non-Medicaid,36446.392
01OMM,Non-Medicaid,35954.447
02OP,Non-Medicaid,35796.619
01PLM,Medicaid,35521.967
01PSH,Non-Medicaid,34488.789
02OS,Non-Medicaid,33394.655999999995
02SME,Non-Medicaid,32982.765
01SO,Medicaid,32942.539000000004
01CHP,Medicaid,32804.661
01NP,Non-Medicaid,32430.531
01HNS,Medicaid,32035.318
01PRO,Non-Medicaid,31613.036
02MPD,Medicaid,31495.005
01PDR,Non-Medicaid,31379.082000000002
01PRM,Non-Medicaid,30910.282
01OFA,Medicaid,30877.263
02HNS,Non-Medicaid,30627.035
01NMP,Non-Medicaid,30449.353
01CHN,Medicaid,29685.318
01FPS,Medicaid,29536.98
09OPT,Medicaid,29190.1
02ADL,Non-Medicaid,28604.611
99US,Non-Medicaid,28308.806
02CCS,Non-Medicaid,28155.762
02U,Medicaid,28120.513
05VET,Medicaid,27894.001
01SCI,Medicaid,27584.013
01PCH,Non-Medicaid,27502.451999999997
02MEM,Non-Medicaid,27483.308
02OFA,Non-Medicaid,27158.518
02REN,Non-Medicaid,26707.394
01PE,Medicaid,26667.141
01MEM,Medicaid,26557.861
02IFP,Non-Medicaid,26046.822
01THP,Non-Medicaid,26025.399999999998
01OBS,Medicaid,26020.835
02ID,Medicaid,26007.996
02FPG,Medicaid,25516.915
02GE,Medicaid,25370.657
02SCI,Non-Medicaid,25347.417
02FSM,Medicaid,25042.483
02PTH,Non-Medicaid,23890.850000000002
02PS,Medicaid,23775.589
01MSR,Non-Medicaid,23237.527000000002
01PCS,Non-Medicaid,22521.69
02PDO,Non-Medicaid,22253.558
01DBP,Non-Medicaid,22240.007
01PCP,Non-Medicaid,21805.966
02PRS,Non-Medicaid,21702.801
01EMS,Medicaid,21613.332
02P,Medicaid,20958.691
02PMN,Medicaid,20467.642
01CG,Non-Medicaid,20466.186999999998
02SO,Non-Medicaid,20129.685
01TRS,Medicaid,19719.196
02CD,Medicaid,19517.243
01ISM,Medicaid,18893.226
01PHL,Medicaid,18547.979
01NR,Non-Medicaid,18021.444
01ETX,Medicaid,17814.091
02HPM,Non-Medicaid,17749.742
01IC,Medicaid,17606.214
02MFM,Non-Medicaid,17580.218
01CCE,Non-Medicaid,17411.484
01PPN,Medicaid,17399.078
01R,Medicaid,17311.195
02HSP,Non-Medicaid,17228.445
02NEP,Medicaid,17210.635000000002
01ACA,Non-Medicaid,17146.691
01SME,Medicaid,16908.877
02OSS,Medicaid,16860.981
02CHN,Non-Medicaid,16848.447
01NPM,Medicaid,16321.802
02OM,Medicaid,15952.886
01ICE,Medicaid,15741.907
02CN,Non-Medicaid,15230.828
01NCC,Non-Medicaid,14836.554
02OMM,Medicaid,14745.913
01HPN,Non-Medicaid,14525.307999999999
01CTR,Non-Medicaid,14449.184
02ATP,Non-Medicaid,14262.885
02ICE,Non-Medicaid,14247.101
01BIP,Non-Medicaid,14064.326000000001
01HPI,Medicaid,13998.42
01FPP,Medicaid,13916.871
01VIR,Medicaid,13855.407
02PDS,Non-Medicaid,13788.666
02PYG,Non-Medicaid,13542.8
02CDS,Non-Medicaid,13464.431
01LM,Medicaid,13399.067
01PAN,Medicaid,13174.012
02NM,Non-Medicaid,13171.378
02MDM,Non-Medicaid,12827.006
01ESM,Medicaid,12806.314999999999
01EMP,Medicaid,12643.995
01HSP,Medicaid,12544.835000000001
01CTS,Medicaid,12448.57
02OSM,Medicaid,12352.327
02HPI,Non-Medicaid,12320.454
01CLI,Non-Medicaid,12125.568
02HPA,Non-Medicaid,11929.387
01CCP,Medicaid,11886.203
02US,Medicaid,11792.867
01CIM,Non-Medicaid,11759.238
01NM,Medicaid,11583.24
02PRD,Non-Medicaid,11571.952
01AM,Medicaid,11413.784
01OT,Non-Medicaid,11408.244999999999
02VS,Medicaid,11366.726
01CPP,Non-Medicaid,11320.876
01AS,Medicaid,11206.357
02DS,Non-Medicaid,11197.294
01AHF,Non-Medicaid,11106.457
01REN,Medicaid,10992.72
02PUD,Medicaid,10976.63
01HEP,Medicaid,10773.891
02IC,Non-Medicaid,10668.242
02CLP,Non-Medicaid,10636.631
01OMO,Medicaid,10622.548
02PE,Non-Medicaid,10427.556
02GPM,Medicaid,10368.52
01PP,Non-Medicaid,10367.996
02UME,Non-Medicaid,10325.691
02IMG,Medicaid,10037.553
01PHP,Medicaid,9971.547
01SP,Non-Medicaid,9952.126
01HPD,Non-Medicaid,9943.09
02ON,Medicaid,9840.354
01PDC,Medicaid,9824.93
01NO,Medicaid,9789.902
01HSS,Medicaid,9695.431
01HPO,Non-Medicaid,9611.997
01PG,Medicaid,9573.481
01NC,Non-Medicaid,9399.17
02DIA,Non-Medicaid,8988.275
02PHL,Non-Medicaid,8821.09
01PDD,Non-Medicaid,8707.2
01PPR,Medicaid,8611.89
01ADL,Medicaid,8598.034
01ALI,Non-Medicaid,8330.296
01RNR,Medicaid,8114.102
02NCC,Non-Medicaid,8070.796
02PHO,Non-Medicaid,8061.425
02NTR,Non-Medicaid,7971.976
01EPL,Non-Medicaid,7688.76
02CTS,Non-Medicaid,7605.059
01PRS,Medicaid,7541.765
01BBK,Medicaid,7534.519
01PLI,Non-Medicaid,7479.0380000000005
01ILI,Non-Medicaid,7428.2210000000005
01NDN,Non-Medicaid,7218.966
02LM,Non-Medicaid,7152.874
01NDP,Non-Medicaid,6983.4349999999995
01HPF,Medicaid,6974.4349999999995
01TTS,Medicaid,6911.795
02CCA,Non-Medicaid,6808.71
02PRO,Non-Medicaid,6743.626
01CBG,Non-Medicaid,6620.318
02OPH,Medicaid,6524.7480000000005
02AM,Medicaid,6519.621
01HMP,Medicaid,6502.441
02D,Medicaid,6123.293000000001
01MP,Medicaid,6059.585
02NPM,Non-Medicaid,5978.15
01CFS,Medicaid,5973.37
02GYN,Medicaid,5957.065
02PSH,Non-Medicaid,5881.903
17PHR,Medicaid,5875.368
02ADM,Medicaid,5854.132
01EP,Non-Medicaid,5781.1849999999995
01MM,Non-Medicaid,5755.575
02ETX,Non-Medicaid,5696.589
01UM,Medicaid,5691.301
02VIR,Non-Medicaid,5519.64
01PDP,Medicaid,5507.381
01TY,Medicaid,5225.89
02FOP,Non-Medicaid,5145.0
01MG,Medicaid,5090.214
02PHP,Medicaid,4971.757
02HSO,Medicaid,4936.942
02OCC,Non-Medicaid,4934.5019999999995
01PO,Medicaid,4930.139
02OBS,Non-Medicaid,4926.799
02UM,Non-Medicaid,4869.401
99PSY,Medicaid,4831.268
01HPR,Non-Medicaid,4822.821
01A,Medicaid,4742.248
02CCP,Non-Medicaid,4591.666
01NTR,Medicaid,4562.9710000000005
01PSM,Medicaid,4515.605
01PDI,Medicaid,4415.589
02PYN,Non-Medicaid,4388.336
02OTR,Medicaid,4354.4890000000005
01DIA,Medicaid,4354.444
01ADP,Medicaid,4324.282
02END,Medicaid,4263.062
02NDN,Non-Medicaid,4244.818
01PYG,Medicaid,4205.644
01PDE,Medicaid,4201.6230000000005
01IMA,Non-Medicaid,4115.081
01CIP,Non-Medicaid,4066.776
01AR,Non-Medicaid,4041.652
02DMP,Non-Medicaid,4010.394
01NMN,Medicaid,3995.155
01PN,Medicaid,3955.465
02TS,Medicaid,3838.931
02DR,Medicaid,3783.817
01UME,Medicaid,3664.417
02GO,Medicaid,3631.335
02HSS,Non-Medicaid,3385.809
02PHO,Medicaid,3292.366
02PA,Non-Medicaid,3260.718
18ND,Medicaid,3255.845
02PEM,Medicaid,3199.907
02PDC,Non-Medicaid,3166.246
02AR,Non-Medicaid,3156.165
02EMS,Non-Medicaid,3122.852
02UP,Non-Medicaid,3122.2490000000003
02CLP,Medicaid,3072.737
01FOP,Medicaid,3062.437
01ESN,Non-Medicaid,2988.991
02ESM,Medicaid,2928.7110000000002
02VM,Non-Medicaid,2873.087
02RO,Medicaid,2842.952
02OT,Non-Medicaid,2838.219
01NP,Medicaid,2799.156
02MEM,Medicaid,2763.473
02NMN,Non-Medicaid,2527.025
02FPS,Medicaid,2474.114
01PYN,Medicaid,2471.305
01FPR,Medicaid,2416.595
02AI,Medicaid,2400.311
01PRM,Medicaid,2399.501
17US,Non-Medicaid,2398.864
02CCM,Medicaid,2387.17
01ES,Non-Medicaid,2378.54
01MDM,Medicaid,2343.379
02MFM,Medicaid,2314.247
02AMI,Non-Medicaid,2310.77
01IRI,Non-Medicaid,2258.334
01VN,Medicaid,2221.476
01CDS,Medicaid,2189.316
02HEM,Medicaid,2188.244
02PSM,Non-Medicaid,2109.566
02PCC,Medicaid,2045.374
01OS,Medicaid,1989.611
02CRS,Medicaid,1969.643
01HPE,Medicaid,1928.4189999999999
02PLM,Medicaid,1921.522
02HNS,Medicaid,1900.3519999999999
01THP,Medicaid,1861.59
01ATP,Medicaid,1841.7259999999999
01IG,Medicaid,1831.7749999999999
02MP,Non-Medicaid,1805.077
01PFP,Medicaid,1755.076
02PO,Non-Medicaid,1742.228
01ENR,Non-Medicaid,1712.156
02PG,Non-Medicaid,1687.6970000000001
02PSO,Medicaid,1679.009
01PSH,Medicaid,1639.182
01VM,Medicaid,1639.07
01PA,Medicaid,1637.39
01PTX,Medicaid,1612.829
01PCS,Medicaid,1606.07
01DBP,Medicaid,1595.59
02CHP,Medicaid,1557.645
01NSP,Medicaid,1512.1889999999999
02TRS,Medicaid,1508.322
02PDO,Medicaid,1503.895
01AMI,Medicaid,1494.111
02CCS,Medicaid,1483.09
01OAN,Non-Medicaid,1441.372
01HPP,Non-Medicaid,1428.443
01PRD,Medicaid,1389.664
02R,Medicaid,1374.552
01IPM,Medicaid,1369.492
02HPF,Medicaid,1368.957
02RNR,Non-Medicaid,1357.104
01DMP,Medicaid,1356.492
01CAP,Non-Medicaid,1354.277
02OBS,Medicaid,1305.364
01DS,Medicaid,1216.728
01PDA,Medicaid,1189.453
01HPA,Medicaid,1167.732
01CHS,Medicaid,1165.647
02IPM,Non-Medicaid,1144.242
01PDR,Medicaid,1134.411
02AS,Non-Medicaid,1121.732
02SO,Medicaid,1099.368
02OMO,Non-Medicaid,1092.4470000000001
02ISM,Medicaid,1079.421
01NMP,Medicaid,1067.732
01UPR,Medicaid,1041.564
02OFA,Medicaid,1032.876
02OP,Medicaid,1026.906
02PE,Medicaid,1018.401
01PTP,Non-Medicaid,1010.5709999999999
01AHF,Medicaid,1006.476
01NR,Medicaid,982.975
02TTS,Non-Medicaid,951.133
02OAR,Medicaid,949.486
01OCC,Medicaid,939.945
02FPP,Non-Medicaid,939.44
02ADP,Non-Medicaid,924.5939999999999
02A,Non-Medicaid,891.771
01CPP,Medicaid,885.216
02PTH,Medicaid,864.023
01MSR,Medicaid,858.869
02NMP,Medicaid,833.177
01CG,Medicaid,813.754
01CIP,Medicaid,801.145
01NDP,Medicaid,777.013
99US,Medicaid,765.386
02PRM,Non-Medicaid,711.119
01ACA,Medicaid,710.987
02PDS,Medicaid,701.461
01PSO,Medicaid,679.3969999999999
01PDT,Non-Medicaid,678.717
02PPR,Non-Medicaid,677.249
02CCA,Medicaid,676.6930000000001
01PDD,Medicaid,657.7900000000001
02PAN,Non-Medicaid,647.861
02PDE,Non-Medicaid,641.951
02HS,Medicaid,641.227
01PCH,Medicaid,636.11
02PDR,Non-Medicaid,622.9630000000001
02PDP,Non-Medicaid,618.663
01HPP,Medicaid,616.134
02SME,Medicaid,607.816
02HSP,Medicaid,602.9639999999999
01PCP,Medicaid,590.8969999999999
01BIN,Non-Medicaid,581.381
02EMP,Non-Medicaid,559.014
01PHM,Medicaid,557.307
01PYA,Medicaid,543.962
02PDA,Non-Medicaid,539.127
02SCI,Medicaid,537.845
01CIE,Non-Medicaid,537.474
01CHD,Non-Medicaid,534.28
02NCC,Medicaid,522.042
01MGP,Non-Medicaid,513.623
01SP,Medicaid,489.683
02ADL,Medicaid,474.21
01CIF,Non-Medicaid,470.435
02CN,Medicaid,470.416
02CHN,Medicaid,450.603
01CLP,Medicaid,449.718
01HPO,Medicaid,448.628
02HPI,Medicaid,441.335
01HPN,Medicaid,436.391
02MM,Non-Medicaid,432.284
02CCP,Medicaid,425.315
01MM,Medicaid,416.462
01CCE,Medicaid,411.314
02ICE,Medicaid,408.129
02NO,Non-Medicaid,406.915
02DBP,Non-Medicaid,406.521
02HPM,Medicaid,372.137
02IFP,Medicaid,356.563
02PDC,Medicaid,350.106
02IG,Non-Medicaid,344.99399999999997
02NM,Medicaid,344.362
02DS,Medicaid,330.661
02PDI,Non-Medicaid,330.362
02UP,Medicaid,308.966
02VN,Non-Medicaid,300.757
02ETX,Medicaid,298.308
02EMP,Medicaid,293.439
02PG,Medicaid,285.973
02VIR,Medicaid,285.468
02DIA,Medicaid,281.38100000000003
01PDN,Non-Medicaid,277.92400000000004
02PP,Non-Medicaid,274.841
02PRS,Medicaid,273.593
01NDN,Medicaid,273.464
02IC,Medicaid,268.01
02NPM,Medicaid,263.179
01HPR,Medicaid,244.256
02PN,Non-Medicaid,242.15
02PRO,Medicaid,236.441
02HEP,Non-Medicaid,235.601
01EPL,Medicaid,219.435
02AS,Medicaid,218.762
02CDS,Medicaid,213.679
02PFP,Non-Medicaid,203.786
01PP,Medicaid,201.204
01TR,Non-Medicaid,198.40699999999998
01NCC,Medicaid,197.033
02UME,Medicaid,191.006
02OS,Medicaid,189.61700000000002
02PAN,Medicaid,182.151
02PDD,Non-Medicaid,176.1
01ALI,Medicaid,174.951
01NC,Medicaid,174.73
02PYN,Medicaid,172.218
02MP,Medicaid,171.596
01AR,Medicaid,170.338
02PSM,Medicaid,169.841
02OAN,Non-Medicaid,169.822
01ESN,Medicaid,163.437
02THP,Non-Medicaid,161.781
02CTS,Medicaid,161.237
01ES,Medicaid,152.962
01CAP,Medicaid,151.816
01CTR,Medicaid,150.946
01CHD,Medicaid,148.427
02FPP,Medicaid,143.846
02ATP,Medicaid,140.089
02OCC,Medicaid,138.98000000000002
02MG,Non-Medicaid,133.256
01CCG,Non-Medicaid,130.447
01EP,Medicaid,122.823
02REN,Medicaid,117.989
02RNR,Medicaid,114.146
02PFP,Medicaid,112.59299999999999
01CLI,Medicaid,99.937
02EMS,Medicaid,99.432
02PPR,Medicaid,97.54200000000002
02OMO,Medicaid,94.752
01DDL,Non-Medicaid,86.03
01BIP,Medicaid,85.344
02HMP,Non-Medicaid,78.206
01IRI,Medicaid,73.613
01OMM,Medicaid,71.28
02UM,Medicaid,70.116
01OAN,Medicaid,69.765
02HSS,Medicaid,69.099
02PDR,Medicaid,68.285
02HPA,Medicaid,63.249
01OT,Medicaid,62.158
02PO,Medicaid,62.033
02MSR,Non-Medicaid,59.919000000000004
01PTP,Medicaid,59.333
02PDI,Medicaid,58.398
02NTR,Medicaid,57.938
01CMG,Non-Medicaid,55.852000000000004
02DMP,Medicaid,55.086
02PYG,Medicaid,53.083000000000006
01ENR,Medicaid,52.213
01PRO,Medicaid,49.801
01CBG,Medicaid,49.568
02NMN,Medicaid,48.534
02IPM,Medicaid,46.205
02PRM,Medicaid,44.833999999999996
01BIN,Medicaid,43.659
01CIF,Medicaid,43.438
02NR,Non-Medicaid,42.095
01CIE,Medicaid,41.573
02ACA,Non-Medicaid,40.82
02PDA,Medicaid,37.339
01ACC,Non-Medicaid,33.541
02PSH,Medicaid,32.145
02VM,Medicaid,29.786
02NSP,Non-Medicaid,29.705
02AR,Medicaid,27.778000000000002
02MDM,Medicaid,26.259999999999998
01MGP,Medicaid,25.881999999999998
02PRD,Medicaid,24.779
02SP,Non-Medicaid,23.92
02PCP,Non-Medicaid,22.469
02THP,Medicaid,22.111
01RP,Non-Medicaid,21.651000000000003
02TTS,Medicaid,20.179
02BBK,Non-Medicaid,19.857
01RAA,Non-Medicaid,17.536
02DBP,Medicaid,17.323
02PHL,Medicaid,17.2
02PDE,Medicaid,16.182
01HPD,Medicaid,14.981
02PN,Medicaid,13.948
02PDP,Medicaid,13.844
01IAN,Non-Medicaid,13.404
02AMI,Medicaid,13.244
02LM,Medicaid,13.129
02EP,Non-Medicaid,12.444
02NSP,Medicaid,11.731
02CPP,Non-Medicaid,11.407
02TR,Non-Medicaid,11.344
02A,Medicaid,10.963
02ACC,Non-Medicaid,10.455
02ILI,Non-Medicaid,9.729
02HEP,Medicaid,9.398000000000001
17US,Medicaid,9.112
02MG,Medicaid,8.585
01CIM,Medicaid,8.341
01IMA,Medicaid,7.4350000000000005
02HPE,Non-Medicaid,7.217
01PLI,Medicaid,6.828
02NDN,Medicaid,5.75
01PDN,Medicaid,5.298
02ACC,Medicaid,5.023
02PDD,Medicaid,4.482
02ADP,Medicaid,4.3149999999999995
02ACA,Medicaid,4.305
02FOP,Medicaid,4.104
01CCG,Medicaid,3.8970000000000002
01ILI,Medicaid,3.5389999999999997
01CMG,Medicaid,3.487
02PP,Medicaid,3.436
01TR,Medicaid,3.255
02ENR,Non-Medicaid,3.125
02CPP,Medicaid,3.048
02CTR,Non-Medicaid,2.476
02VN,Medicaid,2.3209999999999997
02MSR,Medicaid,2.064
01CID,Non-Medicaid,2.036
02HPR,Non-Medicaid,1.78
01MGG,Non-Medicaid,1.57
02CG,Non-Medicaid,1.337
02PA,Medicaid,1.168
02NO,Medicaid,1.055
01IAN,Medicaid,1.004
02CTR,Medicaid,1.002
02ENR,Medicaid,1.0
